date, MaxTemperature, MinTemperature, AvgTemperature, AvgTemperatureDeparture, HDD, CDD, Precipitation, Snowfall, SnowDepth
2024-01-01, 43, 38, 40.5, 2.0, 24, 0, T, T, 0
2024-01-02, 47, 33, 40.0, 1.6, 25, 0, 0.00, 0.0, 0
2024-01-03, 48, 34, 41.0, 2.7, 24, 0, 0.00, 0.0, 0
2024-01-04, 47, 32, 39.5, 1.4, 25, 0, 0.00, 0.0, 0
2024-01-05, 41, 27, 34.0, -4.0, 31, 0, 0.00, 0.0, 0
2024-01-06, 40, 33, 36.5, -1.4, 28, 0, 1.02, T, 0
2024-01-07, 53, 34, 43.5, 5.7, 21, 0, 0.00, 0.0, 0
2024-01-08, 51, 37, 44.0, 6.3, 21, 0, 0.00, 0.0, 0
2024-01-09, 59, 39, 49.0, 11.4, 16, 0, 2.24, 0.0, 0
2024-01-10, 57, 41, 49.0, 11.5, 16, 0, T, 0.0, 0
2024-01-11, 52, 33, 42.5, 5.1, 22, 0, 0.00, 0.0, 0
2024-01-12, 54, 34, 44.0, 6.7, 21, 0, 0.33, 0.0, 0
2024-01-13, 55, 34, 44.5, 7.3, 20, 0, 0.04, 0.0, 0
2024-01-14, 50, 31, 40.5, 3.3, 24, 0, T, T, 0
2024-01-15, 31, 25, 28.0, -9.1, 37, 0, 0.31, 3.4, T
2024-01-16, 32, 20, 26.0, -11.1, 39, 0, 0.04, 0.7, 3
2024-01-17, 30, 16, 23.0, -14.1, 42, 0, 0.00, 0.0, 2
2024-01-18, 40, 22, 31.0, -6.0, 34, 0, 0.00, 0.0, 2
2024-01-19, 34, 29, 31.5, -5.5, 33, 0, 0.28, 3.7, 4
2024-01-20, 29, 21, 25.0, -12.0, 40, 0, 0.00, 0.0, 5
2024-01-21, 34, 21, 27.5, -9.5, 37, 0, 0.00, 0.0, 4
2024-01-22, 39, 21, 30.0, -7.0, 35, 0, 0.00, 0.0, 4
2024-01-23, 45, 29, 37.0, -0.1, 28, 0, 0.00, 0.0, 3
2024-01-24, 51, 37, 44.0, 6.9, 21, 0, T, 0.0, 0
2024-01-25, 65, 44, 54.5, 17.3, 10, 0, 0.10, 0.0, 0
2024-01-26, 80, 52, 66.0, 28.8, 0, 1, 0.05, 0.0, 0
2024-01-27, 61, 42, 51.5, 14.2, 13, 0, 0.21, 0.0, 0
2024-01-28, 46, 42, 44.0, 6.6, 21, 0, 1.26, 0.0, 0
2024-01-29, 48, 41, 44.5, 7.1, 20, 0, 0.00, 0.0, 0
2024-01-30, 44, 39, 41.5, 4.0, 23, 0, 0.00, 0.0, 0
2024-01-31, 44, 37, 40.5, 2.9, 24, 0, T, T, 0
2024-02-01, 54, 32, 43.0, 5.3, 22, 0, 0.00, 0.0, 0
2024-02-02, 52, 42, 47.0, 9.1, 18, 0, 0.01, 0.0, 0
2024-02-03, 51, 35, 43.0, 5.0, 22, 0, 0.00, 0.0, 0
2024-02-04, 51, 32, 41.5, 3.4, 23, 0, 0.00, 0.0, 0
2024-02-05, 53, 32, 42.5, 4.3, 22, 0, 0.00, 0.0, 0
2024-02-06, 48, 33, 40.5, 2.1, 24, 0, 0.00, 0.0, 0
2024-02-07, 53, 31, 42.0, 3.4, 23, 0, 0.00, 0.0, 0
2024-02-08, 56, 34, 45.0, 6.3, 20, 0, 0.00, 0.0, 0
2024-02-09, 63, 42, 52.5, 13.6, 12, 0, 0.00, 0.0, 0
2024-02-10, 64, 45, 54.5, 15.4, 10, 0, 0.00, 0.0, 0
2024-02-11, 54, 47, 50.5, 11.3, 14, 0, 0.13, 0.0, 0
2024-02-12, 49, 44, 46.5, 7.1, 18, 0, 0.11, 0.0, 0
2024-02-13, 49, 36, 42.5, 2.9, 22, 0, 0.74, T, 0
2024-02-14, 47, 35, 41.0, 1.2, 24, 0, 0.00, 0.0, 0
2024-02-15, 49, 32, 40.5, 0.5, 24, 0, 0.00, 0.0, 0
2024-02-16, 51, 39, 45.0, 4.8, 20, 0, 0.00, 0.0, 0
2024-02-17, 42, 31, 36.5, -3.9, 28, 0, 0.10, 0.1, T
2024-02-18, 50, 26, 38.0, -2.6, 27, 0, 0.00, 0.0, 0
2024-02-19, 49, 33, 41.0, 0.2, 24, 0, 0.00, 0.0, 0
2024-02-20, 51, 31, 41.0, -0.1, 24, 0, 0.00, 0.0, 0
2024-02-21, 50, 31, 40.5, -0.8, 24, 0, 0.00, 0.0, 0
2024-02-22, 53, 33, 43.0, 1.5, 22, 0, T, 0.0, 0
2024-02-23, 52, 41, 46.5, 4.8, 18, 0, 0.01, 0.0, 0
2024-02-24, 53, 33, 43.0, 1.0, 22, 0, 0.02, 0.0, 0
2024-02-25, 47, 29, 38.0, -4.2, 27, 0, 0.00, 0.0, 0
2024-02-26, 68, 38, 53.0, 10.6, 12, 0, 0.00, 0.0, 0
2024-02-27, 64, 43, 53.5, 10.8, 11, 0, 0.02, 0.0, 0
2024-02-28, 65, 42, 53.5, 10.6, 11, 0, 0.27, 0.0, 0
2024-02-29, 50, 33, 41.5, -1.5, 23, 0, 0.00, 0.0, 0
2024-03-01, 54, 33, 43.5, 0.3, 21, 0, 0.04, 0.0, 0
2024-03-02, 55, 42, 48.5, 5.1, 16, 0, 0.73, 0.0, 0
2024-03-03, 65, 43, 54.0, 10.3, 11, 0, 0.00, 0.0, 0
2024-03-04, 69, 49, 59.0, 15.1, 6, 0, 0.07, 0.0, 0
2024-03-05, 59, 48, 53.5, 9.3, 11, 0, 0.52, 0.0, 0
2024-03-06, 56, 50, 53.0, 8.5, 12, 0, 0.19, 0.0, 0
2024-03-07, 65, 50, 57.5, 12.8, 7, 0, 0.01, 0.0, 0
2024-03-08, 61, 46, 53.5, 8.5, 11, 0, 0.00, 0.0, 0
2024-03-09, 54, 44, 49.0, 3.7, 16, 0, 0.81, 0.0, 0
2024-03-10, 51, 40, 45.5, -0.1, 19, 0, 0.02, T, 0
2024-03-11, 58, 40, 49.0, 3.1, 16, 0, 0.00, 0.0, 0
2024-03-12, 75, 42, 58.5, 12.3, 6, 0, 0.00, 0.0, 0
2024-03-13, 75, 46, 60.5, 14.1, 4, 0, 0.00, 0.0, 0
2024-03-14, 77, 47, 62.0, 15.3, 3, 0, 0.00, 0.0, 0
2024-03-15, 76, 57, 66.5, 19.4, 0, 2, 0.02, 0.0, 0
2024-03-16, 66, 48, 57.0, 9.6, 8, 0, 0.00, 0.0, 0
2024-03-17, 73, 50, 61.5, 13.8, 3, 0, 0.00, 0.0, 0
2024-03-18, 53, 38, 45.5, -2.5, 19, 0, 0.00, 0.0, 0
2024-03-19, 53, 35, 44.0, -4.3, 21, 0, 0.00, 0.0, 0
2024-03-20, 70, 40, 55.0, 6.3, 10, 0, 0.00, 0.0, 0
2024-03-21, 51, 32, 41.5, -7.5, 23, 0, 0.00, 0.0, 0
2024-03-22, 52, 35, 43.5, -5.8, 21, 0, 0.02, 0.0, 0
2024-03-23, 56, 37, 46.5, -3.2, 18, 0, 1.61, 0.0, 0
2024-03-24, 53, 33, 43.0, -7.0, 22, 0, 0.00, 0.0, 0
2024-03-25, 57, 36, 46.5, -3.9, 18, 0, 0.00, 0.0, 0
2024-03-26, 61, 39, 50.0, -0.7, 15, 0, T, 0.0, 0
2024-03-27, 50, 46, 48.0, -3.1, 17, 0, 0.78, 0.0, 0
2024-03-28, 54, 48, 51.0, -0.5, 14, 0, 0.06, 0.0, 0
2024-03-29, 65, 40, 52.5, 0.7, 12, 0, 0.00, 0.0, 0
2024-03-30, 67, 40, 53.5, 1.3, 11, 0, 0.01, 0.0, 0
2024-03-31, 67, 47, 57.0, 4.4, 8, 0, T, 0.0, 0
2024-04-01, 57, 52, 54.5, 1.6, 10, 0, 0.25, 0.0, 0
2024-04-02, 54, 49, 51.5, -1.8, 13, 0, 0.38, 0.0, 0
2024-04-03, 53, 46, 49.5, -4.2, 15, 0, 1.03, 0.0, 0
2024-04-04, 58, 40, 49.0, -5.1, 16, 0, 0.02, 0.0, 0
2024-04-05, 57, 40, 48.5, -6.0, 16, 0, 0.00, 0.0, 0
2024-04-06, 57, 41, 49.0, -5.8, 16, 0, 0.00, 0.0, 0
2024-04-07, 65, 43, 54.0, -1.2, 11, 0, 0.00, 0.0, 0
2024-04-08, 71, 44, 57.5, 1.9, 7, 0, 0.00, 0.0, 0
2024-04-09, 78, 51, 64.5, 8.5, 0, 0, 0.00, 0.0, 0
2024-04-10, 77, 59, 68.0, 11.7, 0, 3, T, 0.0, 0
2024-04-11, 73, 61, 67.0, 10.3, 0, 2, T, 0.0, 0
2024-04-12, 69, 59, 64.0, 6.9, 1, 0, 0.19, 0.0, 0
2024-04-13, 68, 54, 61.0, 3.6, 4, 0, 0.00, 0.0, 0
2024-04-14, 82, 48, 65.0, 7.2, 0, 0, 0.00, 0.0, 0
2024-04-15, 83, 63, 73.0, 14.8, 0, 8, 0.14, T, 0
2024-04-16, 74, 57, 65.5, 7.0, 0, 1, 0.00, 0.0, 0
2024-04-17, 74, 58, 66.0, 7.1, 0, 1, T, 0.0, 0
2024-04-18, 79, 57, 68.0, 8.8, 0, 3, 0.00, 0.0, 0
2024-04-19, 57, 51, 54.0, -5.6, 11, 0, 0.01, 0.0, 0
2024-04-20, 75, 55, 65.0, 5.1, 0, 0, 0.01, 0.0, 0
2024-04-21, 62, 47, 54.5, -5.7, 10, 0, 0.00, 0.0, 0
2024-04-22, 65, 42, 53.5, -7.1, 11, 0, 0.00, 0.0, 0
2024-04-23, 72, 44, 58.0, -2.9, 7, 0, 0.00, 0.0, 0
2024-04-24, 77, 57, 67.0, 5.8, 0, 2, T, 0.0, 0
2024-04-25, 62, 49, 55.5, -6.0, 9, 0, 0.00, 0.0, 0
2024-04-26, 66, 46, 56.0, -5.8, 9, 0, 0.00, 0.0, 0
2024-04-27, 60, 52, 56.0, -6.1, 9, 0, 0.03, 0.0, 0
2024-04-28, 84, 56, 70.0, 7.6, 0, 5, T, 0.0, 0
2024-04-29, 89, 62, 75.5, 12.8, 0, 11, 0.00, 0.0, 0
2024-04-30, 85, 64, 74.5, 11.5, 0, 10, T, 0.0, 0
2024-05-01, 85, 64, 74.5, 11.3, 0, 10, 0.00, 0.0, 0
2024-05-02, 91, 63, 77.0, 13.5, 0, 12, 0.00, 0.0, 0
2024-05-03, 76, 55, 65.5, 1.7, 0, 1, 0.00, 0.0, 0
2024-05-04, 56, 53, 54.5, -9.6, 10, 0, 0.82, 0.0, 0
2024-05-05, 72, 55, 63.5, -0.8, 1, 0, 0.58, 0.0, 0
2024-05-06, 77, 67, 72.0, 7.4, 0, 7, 0.02, 0.0, 0
2024-05-07, 79, 68, 73.5, 8.7, 0, 9, 0.01, 0.0, 0
2024-05-08, 88, 68, 78.0, 12.9, 0, 13, T, 0.0, 0
2024-05-09, 75, 60, 67.5, 2.1, 0, 3, 0.22, 0.0, 0
2024-05-10, 61, 51, 56.0, -9.6, 9, 0, 0.07, 0.0, 0
2024-05-11, 67, 48, 57.5, -8.4, 7, 0, 0.24, 0.0, 0
2024-05-12, 70, 50, 60.0, -6.1, 5, 0, 0.40, 0.0, 0
2024-05-13, 77, 52, 64.5, -1.9, 0, 0, 0.00, 0.0, 0
2024-05-14, 69, 62, 65.5, -1.1, 0, 1, 0.27, 0.0, 0
2024-05-15, 68, 61, 64.5, -2.4, 0, 0, 0.09, 0.0, 0
2024-05-16, 82, 59, 70.5, 3.3, 0, 6, 0.00, 0.0, 0
2024-05-17, 69, 64, 66.5, -0.9, 0, 2, T, 0.0, 0
2024-05-18, 65, 62, 63.5, -4.2, 1, 0, 0.55, 0.0, 0
2024-05-19, 76, 63, 69.5, 1.5, 0, 5, 0.00, 0.0, 0
2024-05-20, 81, 60, 70.5, 2.3, 0, 6, 0.00, 0.0, 0
2024-05-21, 83, 62, 72.5, 4.0, 0, 8, 0.00, 0.0, 0
2024-05-22, 87, 65, 76.0, 7.2, 0, 11, 0.00, 0.0, 0
2024-05-23, 86, 72, 79.0, 9.9, 0, 14, 0.02, 0.0, 0
2024-05-24, 88, 70, 79.0, 9.6, 0, 14, 0.01, 0.0, 0
2024-05-25, 87, 69, 78.0, 8.3, 0, 13, 0.04, 0.0, 0
2024-05-26, 88, 68, 78.0, 8.0, 0, 13, M, 0.0, 0
2024-05-27, 82, 68, 75.0, 4.7, 0, 10, 0.17, 0.0, 0
2024-05-28, 83, 64, 73.5, 2.9, 0, 9, 0.41, 0.0, 0
2024-05-29, 79, 60, 69.5, -1.4, 0, 5, 0.38, 0.0, 0
2024-05-30, 76, 58, 67.0, -4.2, 0, 2, T, 0.0, 0
2024-05-31, 77, 56, 66.5, -5.0, 0, 2, 0.00, 0.0, 0
2024-06-01, 81, 58, 69.5, -2.3, 0, 5, 0.00, 0.0, 0
2024-06-02, 83, 64, 73.5, 1.3, 0, 9, T, 0.0, 0
2024-06-03, 86, 69, 77.5, 5.0, 0, 13, 0.01, 0.0, 0
2024-06-04, 88, 69, 78.5, 5.7, 0, 14, 0.00, 0.0, 0
2024-06-05, 83, 72, 77.5, 4.4, 0, 13, 0.46, 0.0, 0
2024-06-06, 86, 75, 80.5, 7.0, 0, 16, T, 0.0, 0
2024-06-07, 87, 70, 78.5, 4.7, 0, 14, T, 0.0, 0
2024-06-08, 86, 64, 75.0, 0.9, 0, 10, 0.00, 0.0, 0
2024-06-09, 85, 71, 78.0, 3.5, 0, 13, T, 0.0, 0
2024-06-10, 83, 64, 73.5, -1.3, 0, 9, 0.01, 0.0, 0
2024-06-11, 76, 64, 70.0, -5.1, 0, 5, T, 0.0, 0
2024-06-12, 83, 61, 72.0, -3.4, 0, 7, 0.00, 0.0, 0
2024-06-13, 90, 68, 79.0, 3.3, 0, 14, 0.00, 0.0, 0
2024-06-14, 91, 72, 81.5, 5.4, 0, 17, T, 0.0, 0
2024-06-15, 87, 68, 77.5, 1.1, 0, 13, 0.00, 0.0, 0
2024-06-16, 89, 66, 77.5, 0.8, 0, 13, 0.00, 0.0, 0
2024-06-17, 91, 71, 81.0, 4.0, 0, 16, 0.00, 0.0, 0
2024-06-18, 94, 74, 84.0, 6.7, 0, 19, 0.00, 0.0, 0
2024-06-19, 91, 72, 81.5, 4.0, 0, 17, 0.00, 0.0, 0
2024-06-20, 91, 73, 82.0, 4.2, 0, 17, 0.00, 0.0, 0
2024-06-21, 95, 73, 84.0, 5.9, 0, 19, 0.00, 0.0, 0
2024-06-22, 100, 77, 88.5, 10.2, 0, 24, 0.00, 0.0, 0
2024-06-23, 99, 81, 90.0, 11.4, 0, 25, 0.00, 0.0, 0
2024-06-24, 91, 76, 83.5, 4.7, 0, 19, 0.00, 0.0, 0
2024-06-25, 94, 69, 81.5, 2.5, 0, 17, 0.00, 0.0, 0
2024-06-26, 99, 72, 85.5, 6.2, 0, 21, 0.51, 0.0, 0
2024-06-27, 92, 73, 82.5, 3.0, 0, 18, 0.01, 0.0, 0
2024-06-28, 85, 71, 78.0, -1.7, 0, 13, 0.00, 0.0, 0
2024-06-29, 93, 71, 82.0, 2.2, 0, 17, 0.00, 0.0, 0
2024-06-30, 97, 78, 87.5, 7.5, 0, 23, 0.15, 0.0, 0
2024-07-01, 82, 65, 73.5, -6.7, 0, 9, 0.00, 0.0, 0
2024-07-02, 88, 66, 77.0, -3.3, 0, 12, 0.00, 0.0, 0
2024-07-03, 88, 70, 79.0, -1.5, 0, 14, 0.00, 0.0, 0
2024-07-04, 94, 74, 84.0, 3.4, 0, 19, 0.26, 0.0, 0
2024-07-05, 98, 77, 87.5, 6.8, 0, 23, 0.00, 0.0, 0
2024-07-06, 98, 81, 89.5, 8.7, 0, 25, 0.00, 0.0, 0
2024-07-07, 97, 80, 88.5, 7.6, 0, 24, 0.00, 0.0, 0
2024-07-08, 98, 80, 89.0, 8.0, 0, 24, 0.00, 0.0, 0
2024-07-09, 99, 79, 89.0, 8.0, 0, 24, 0.00, 0.0, 0
2024-07-10, 97, 81, 89.0, 7.9, 0, 24, 0.13, 0.0, 0
2024-07-11, 95, 75, 85.0, 3.9, 0, 20, 0.00, 0.0, 0
2024-07-12, 83, 76, 79.5, -1.7, 0, 15, 0.15, 0.0, 0
2024-07-13, 96, 75, 85.5, 4.3, 0, 21, 0.05, 0.0, 0
2024-07-14, 101, 79, 90.0, 8.7, 0, 25, 0.00, 0.0, 0
2024-07-15, 102, 81, 91.5, 10.2, 0, 27, 0.00, 0.0, 0
2024-07-16, 104, 80, 92.0, 10.7, 0, 27, 0.00, 0.0, 0
2024-07-17, 101, 78, 89.5, 8.2, 0, 25, 0.48, 0.0, 0
2024-07-18, 89, 76, 82.5, 1.2, 0, 18, T, 0.0, 0
2024-07-19, 89, 75, 82.0, 0.7, 0, 17, 0.00, 0.0, 0
2024-07-20, 87, 74, 80.5, -0.8, 0, 16, 0.02, 0.0, 0
2024-07-21, 93, 72, 82.5, 1.3, 0, 18, 0.00, 0.0, 0
2024-07-22, 83, 74, 78.5, -2.7, 0, 14, 1.57, 0.0, 0
2024-07-23, 90, 73, 81.5, 0.3, 0, 17, 0.01, 0.0, 0
2024-07-24, 89, 76, 82.5, 1.4, 0, 18, T, 0.0, 0
2024-07-25, 86, 72, 79.0, -2.1, 0, 14, 1.28, 0.0, 0
2024-07-26, 85, 74, 79.5, -1.6, 0, 15, 0.00, 0.0, 0
2024-07-27, 90, 68, 79.0, -2.0, 0, 14, 0.00, 0.0, 0
2024-07-28, 90, 70, 80.0, -1.0, 0, 15, 0.00, 0.0, 0
2024-07-29, 93, 75, 84.0, 3.1, 0, 19, 0.26, 0.0, 0
2024-07-30, 88, 75, 81.5, 0.6, 0, 17, 0.04, 0.0, 0
2024-07-31, 92, 75, 83.5, 2.7, 0, 19, 0.57, 0.0, 0
2024-08-01, 97, 75, 86.0, 5.2, 0, 21, 0.00, 0.0, 0
2024-08-02, 99, 80, 89.5, 8.8, 0, 25, T, 0.0, 0
2024-08-03, 93, 75, 84.0, 3.3, 0, 19, 0.14, 0.0, 0
2024-08-04, 90, 74, 82.0, 1.4, 0, 17, T, 0.0, 0
2024-08-05, 93, 75, 84.0, 3.5, 0, 19, 0.00, 0.0, 0
2024-08-06, 93, 79, 86.0, 5.5, 0, 21, 0.00, 0.0, 0
2024-08-07, 91, 77, 84.0, 3.6, 0, 19, T, 0.0, 0
2024-08-08, 81, 75, 78.0, -2.3, 0, 13, 1.08, 0.0, 0
2024-08-09, 84, 77, 80.5, 0.2, 0, 16, 1.80, 0.0, 0
2024-08-10, 91, 72, 81.5, 1.3, 0, 17, 0.43, 0.0, 0
2024-08-11, 85, 71, 78.0, -2.1, 0, 13, 0.00, 0.0, 0
2024-08-12, 85, 68, 76.5, -3.5, 0, 12, 0.00, 0.0, 0
2024-08-13, 86, 69, 77.5, -2.4, 0, 13, 0.00, 0.0, 0
2024-08-14, 85, 68, 76.5, -3.3, 0, 12, 0.00, 0.0, 0
2024-08-15, 90, 68, 79.0, -0.7, 0, 14, 0.00, 0.0, 0
2024-08-16, 89, 70, 79.5, -0.1, 0, 15, 0.00, 0.0, 0
2024-08-17, 86, 72, 79.0, -0.5, 0, 14, 0.19, 0.0, 0
2024-08-18, 87, 73, 80.0, 0.6, 0, 15, 0.00, 0.0, 0
2024-08-19, 88, 73, 80.5, 1.2, 0, 16, 0.01, 0.0, 0
2024-08-20, 76, 63, 69.5, -9.7, 0, 5, 0.00, 0.0, 0
2024-08-21, 78, 59, 68.5, -10.5, 0, 4, 0.00, 0.0, 0
2024-08-22, 81, 58, 69.5, -9.4, 0, 5, 0.00, 0.0, 0
2024-08-23, 86, 60, 73.0, -5.7, 0, 8, 0.00, 0.0, 0
2024-08-24, 85, 65, 75.0, -3.6, 0, 10, 0.00, 0.0, 0
2024-08-25, 87, 66, 76.5, -1.9, 0, 12, 0.00, 0.0, 0
2024-08-26, 91, 70, 80.5, 2.3, 0, 16, 0.12, 0.0, 0
2024-08-27, 92, 73, 82.5, 4.5, 0, 18, 0.00, 0.0, 0
2024-08-28, 101, 75, 88.0, 10.2, 0, 23, 0.00, 0.0, 0
2024-08-29, 93, 73, 83.0, 5.4, 0, 18, 0.77, 0.0, 0
2024-08-30, 76, 72, 74.0, -3.4, 0, 9, 0.03, 0.0, 0
2024-08-31, 82, 72, 77.0, -0.2, 0, 12, 0.01, 0.0, 0
2024-09-01, 86, 73, 79.5, 2.5, 0, 15, 0.01, 0.0, 0
2024-09-02, 81, 67, 74.0, -2.7, 0, 9, 0.00, 0.0, 0
2024-09-03, 77, 60, 68.5, -8.0, 0, 4, 0.00, 0.0, 0
2024-09-04, 78, 58, 68.0, -8.2, 0, 3, 0.00, 0.0, 0
2024-09-05, 80, 61, 70.5, -5.5, 0, 6, 0.00, 0.0, 0
2024-09-06, 79, 65, 72.0, -3.7, 0, 7, 0.00, 0.0, 0
2024-09-07, 77, 62, 69.5, -5.9, 0, 5, 0.01, 0.0, 0
2024-09-08, 76, 57, 66.5, -8.6, 0, 2, 0.00, 0.0, 0
2024-09-09, 80, 56, 68.0, -6.8, 0, 3, 0.00, 0.0, 0
2024-09-10, 87, 59, 73.0, -1.5, 0, 8, 0.00, 0.0, 0
2024-09-11, 86, 64, 75.0, 0.8, 0, 10, 0.00, 0.0, 0
2024-09-12, 83, 66, 74.5, 0.7, 0, 10, 0.00, 0.0, 0
2024-09-13, 84, 66, 75.0, 1.5, 0, 10, T, 0.0, 0
2024-09-14, 86, 65, 75.5, 2.4, 0, 11, 0.00, 0.0, 0
2024-09-15, 84, 64, 74.0, 1.2, 0, 9, 0.00, 0.0, 0
2024-09-16, 79, 63, 71.0, -1.4, 0, 6, T, 0.0, 0
2024-09-17, 81, 69, 75.0, 2.9, 0, 10, 0.10, 0.0, 0
2024-09-18, 77, 70, 73.5, 1.8, 0, 9, 0.33, 0.0, 0
2024-09-19, 85, 70, 77.5, 6.2, 0, 13, 0.00, 0.0, 0
2024-09-20, 86, 65, 75.5, 4.5, 0, 11, 0.00, 0.0, 0
2024-09-21, 83, 68, 75.5, 4.9, 0, 11, T, 0.0, 0
2024-09-22, 77, 67, 72.0, 1.8, 0, 7, 0.32, 0.0, 0
2024-09-23, 70, 64, 67.0, -2.8, 0, 2, 0.09, 0.0, 0
2024-09-24, 70, 63, 66.5, -2.9, 0, 2, 0.47, 0.0, 0
2024-09-25, 74, 65, 69.5, 0.5, 0, 5, 0.08, 0.0, 0
2024-09-26, 82, 72, 77.0, 8.4, 0, 12, 0.57, 0.0, 0
2024-09-27, 79, 74, 76.5, 8.3, 0, 12, 0.13, 0.0, 0
2024-09-28, 85, 72, 78.5, 10.7, 0, 14, 0.07, 0.0, 0
2024-09-29, 72, 68, 70.0, 2.6, 0, 5, 0.05, 0.0, 0
2024-09-30, 68, 66, 67.0, 0.0, 0, 2, 0.08, 0.0, 0
2024-10-01, 69, 65, 67.0, 0.4, 0, 2, 1.46, 0.0, 0
2024-10-02, 72, 64, 68.0, 1.8, 0, 3, 0.02, 0.0, 0
2024-10-03, 78, 67, 72.5, 6.7, 0, 8, T, 0.0, 0
2024-10-04, 78, 66, 72.0, 6.6, 0, 7, 0.00, 0.0, 0
2024-10-05, 80, 61, 70.5, 5.5, 0, 6, 0.00, 0.0, 0
2024-10-06, 78, 57, 67.5, 2.9, 0, 3, 0.00, 0.0, 0
2024-10-07, 75, 61, 68.0, 3.7, 0, 3, T, 0.0, 0
2024-10-08, 72, 52, 62.0, -1.9, 3, 0, 0.00, 0.0, 0
2024-10-09, 74, 53, 63.5, 0.0, 1, 0, 0.00, 0.0, 0
2024-10-10, 67, 51, 59.0, -4.1, 6, 0, 0.00, 0.0, 0
2024-10-11, 71, 48, 59.5, -3.2, 5, 0, 0.00, 0.0, 0
2024-10-12, 82, 52, 67.0, 4.7, 0, 2, 0.00, 0.0, 0
2024-10-13, 80, 57, 68.5, 6.6, 0, 4, 0.00, 0.0, 0
2024-10-14, 70, 50, 60.0, -1.5, 5, 0, 0.00, 0.0, 0
2024-10-15, 60, 49, 54.5, -6.6, 10, 0, 0.00, 0.0, 0
2024-10-16, 60, 45, 52.5, -8.2, 12, 0, 0.00, 0.0, 0
2024-10-17, 63, 44, 53.5, -6.9, 11, 0, 0.00, 0.0, 0
2024-10-18, 71, 46, 58.5, -1.5, 6, 0, 0.00, 0.0, 0
2024-10-19, 75, 46, 60.5, 0.9, 4, 0, 0.00, 0.0, 0
2024-10-20, 77, 46, 61.5, 2.3, 3, 0, 0.00, 0.0, 0
2024-10-21, 82, 50, 66.0, 7.2, 0, 1, 0.00, 0.0, 0
2024-10-22, 82, 54, 68.0, 9.5, 0, 3, 0.00, 0.0, 0
2024-10-23, 78, 53, 65.5, 7.4, 0, 1, 0.00, 0.0, 0
2024-10-24, 71, 55, 63.0, 5.3, 2, 0, 0.00, 0.0, 0
2024-10-25, 68, 47, 57.5, 0.1, 7, 0, 0.00, 0.0, 0
2024-10-26, 71, 52, 61.5, 4.5, 3, 0, 0.00, 0.0, 0
2024-10-27, 61, 46, 53.5, -3.1, 11, 0, 0.00, 0.0, 0
2024-10-28, 67, 44, 55.5, -0.7, 9, 0, 0.00, 0.0, 0
2024-10-29, 69, 47, 58.0, 2.1, 7, 0, 0.00, 0.0, 0
2024-10-30, 78, 54, 66.0, 10.5, 0, 1, 0.00, 0.0, 0
2024-10-31, 83, 61, 72.0, 16.8, 0, 7, 0.00, 0.0, 0
2024-11-01, 83, 58, 70.5, 15.7, 0, 6, T, 0.0, 0
2024-11-02, 66, 50, 58.0, 3.6, 7, 0, 0.00, 0.0, 0
2024-11-03, 64, 45, 54.5, 0.4, 10, 0, 0.00, 0.0, 0
2024-11-04, 64, 44, 54.0, 0.3, 11, 0, 0.00, 0.0, 0
2024-11-05, 78, 55, 66.5, 13.1, 0, 2, 0.00, 0.0, 0
2024-11-06, 83, 62, 72.5, 19.5, 0, 8, 0.00, 0.0, 0
2024-11-07, 84, 64, 74.0, 21.3, 0, 9, 0.00, 0.0, 0
2024-11-08, 75, 58, 66.5, 14.2, 0, 2, 0.00, 0.0, 0
2024-11-09, 62, 45, 53.5, 1.5, 11, 0, 0.00, 0.0, 0
2024-11-10, 61, 45, 53.0, 1.4, 12, 0, 0.20, 0.0, 0
2024-11-11, 78, 58, 68.0, 16.7, 0, 3, T, 0.0, 0
2024-11-12, 64, 45, 54.5, 3.6, 10, 0, 0.00, 0.0, 0
2024-11-13, 54, 38, 46.0, -4.6, 19, 0, 0.00, 0.0, 0
2024-11-14, 54, 41, 47.5, -2.8, 17, 0, 0.18, 0.0, 0
2024-11-15, 57, 47, 52.0, 2.1, 13, 0, 0.03, 0.0, 0
2024-11-16, 64, 48, 56.0, 6.4, 9, 0, 0.00, 0.0, 0
2024-11-17, 60, 42, 51.0, 1.7, 14, 0, 0.00, 0.0, 0
2024-11-18, 73, 45, 59.0, 10.0, 6, 0, 0.00, 0.0, 0
2024-11-19, 63, 52, 57.5, 8.8, 7, 0, 0.01, 0.0, 0
2024-11-20, 67, 49, 58.0, 9.7, 7, 0, 0.77, 0.0, 0
2024-11-21, 55, 40, 47.5, -0.5, 17, 0, 0.06, 0.0, 0
2024-11-22, 47, 36, 41.5, -6.2, 23, 0, 0.16, T, 0
2024-11-23, 58, 44, 51.0, 3.6, 14, 0, 0.00, 0.0, 0
2024-11-24, 62, 46, 54.0, 6.9, 11, 0, 0.00, 0.0, 0
2024-11-25, 60, 40, 50.0, 3.2, 15, 0, 0.00, 0.0, 0
2024-11-26, 66, 49, 57.5, 11.0, 7, 0, 0.05, 0.0, 0
2024-11-27, 57, 46, 51.5, 5.2, 13, 0, 0.00, 0.0, 0
2024-11-28, 57, 45, 51.0, 5.0, 14, 0, 0.35, 0.0, 0
2024-11-29, 50, 35, 42.5, -3.2, 22, 0, T, 0.0, 0
2024-11-30, 41, 30, 35.5, -9.9, 29, 0, 0.00, 0.0, 0
2024-12-01, 47, 30, 38.5, -6.6, 26, 0, 0.00, 0.0, 0
2024-12-02, 43, 30, 36.5, -8.4, 28, 0, 0.00, 0.0, 0
2024-12-03, 45, 30, 37.5, -7.1, 27, 0, 0.00, 0.0, 0
2024-12-04, 47, 27, 37.0, -7.3, 28, 0, 0.00, 0.0, 0
2024-12-05, 46, 30, 38.0, -6.1, 27, 0, T, T, 0
2024-12-06, 40, 28, 34.0, -9.8, 31, 0, 0.00, 0.0, 0
2024-12-07, 45, 27, 36.0, -7.6, 29, 0, 0.00, 0.0, 0
2024-12-08, 69, 40, 54.5, 11.2, 10, 0, 0.00, 0.0, 0
2024-12-09, 58, 38, 48.0, 4.9, 17, 0, 0.05, 0.0, 0
2024-12-10, 54, 40, 47.0, 4.1, 18, 0, 0.05, 0.0, 0
2024-12-11, 64, 38, 51.0, 8.4, 14, 0, 0.90, 0.0, 0
2024-12-12, 48, 33, 40.5, -1.9, 24, 0, 0.00, 0.0, 0
2024-12-13, 41, 30, 35.5, -6.7, 29, 0, 0.00, 0.0, M
2024-12-14, 43, 30, 36.5, -5.4, 28, 0, 0.00, 0.0, 0
2024-12-15, 43, 33, 38.0, -3.7, 27, 0, 0.26, 0.0, 0
2024-12-16, 48, 41, 44.5, 3.0, 20, 0, 0.42, 0.0, 0
2024-12-17, 65, 44, 54.5, 13.2, 10, 0, T, 0.0, 0
2024-12-18, 57, 38, 47.5, 6.4, 17, 0, 0.10, 0.0, 0
2024-12-19, 50, 39, 44.5, 3.6, 20, 0, 0.00, 0.0, 0
2024-12-20, 40, 36, 38.0, -2.7, 27, 0, 0.02, T, 0
2024-12-21, M, M, M, M, M, M, M, M, M